{
    "metrics": {
        "http_req_blocked": {
            "avg": 0.010461271244051653,
            "min": 0.001052,
            "med": 0.004746,
            "max": 3.286212,
            "p(90)": 0.007859,
            "p(95)": 0.009398799999999987
        },
        "http_req_tls_handshaking": {
            "min": 0,
            "med": 0,
            "max": 0,
            "p(90)": 0,
            "p(95)": 0,
            "avg": 0
        },
        "vus_max": {
            "value": 47,
            "min": 47,
            "max": 47
        },
        "data_sent": {
            "count": 3302482,
            "rate": 34329.201404271975
        },
        "iteration_duration": {
            "med": 1070.153363,
            "max": 2205.272541,
            "p(90)": 1327.747754,
            "p(95)": 1411.729566,
            "avg": 1122.8138028279388,
            "min": 1017.048747
        },
        "http_req_waiting": {
            "min": 3.408352,
            "med": 8.819574,
            "max": 851.195401,
            "p(90)": 104.1869216,
            "p(95)": 225.72017919999993,
            "avg": 48.36944542805331
        },
        "vus": {
            "value": 1,
            "min": 1,
            "max": 44
        },
        "http_req_receiving": {
            "max": 88.147905,
            "p(90)": 0.33069980000000004,
            "p(95)": 0.40749479999999927,
            "avg": 0.2139062667119872,
            "min": 0.020885,
            "med": 0.151509
        },
        "group_duration": {
            "avg": 84.43734061612619,
            "min": 16.477233,
            "med": 26.141482,
            "max": 803.392423,
            "p(90)": 303.152608,
            "p(95)": 335.334673
        },
        "http_req_failed": {
            "passes": 2,
            "fails": 4411,
            "thresholds": {
                "rate<0.05": false
            },
            "value": 0.00045320643553138455
        },
        "http_req_duration{flow:profile}": {
            "avg": 16.712832982217904,
            "min": 3.507529,
            "med": 8.016442,
            "max": 245.070543,
            "p(90)": 53.118770000000005,
            "p(95)": 82.16527919999996,
            "thresholds": {
                "p(95)<900": false
            }
        },
        "http_reqs": {
            "rate": 45.87300272856967,
            "count": 4413
        },
        "http_req_duration{flow:group_creation}": {
            "max": 405.838827,
            "p(90)": 92.7862628,
            "p(95)": 102.73158844999999,
            "avg": 35.318741984076425,
            "min": 6.850629,
            "med": 16.1822905,
            "thresholds": {
                "p(95)<1800": false
            }
        },
        "http_req_duration{flow:project_verification}": {
            "min": 5.424831,
            "med": 39.6606865,
            "max": 796.064411,
            "p(90)": 404.05964159999996,
            "p(95)": 659.9618214499981,
            "avg": 200.49460730909098,
            "thresholds": {
                "p(95)<2500": false
            }
        },
        "iterations": {
            "count": 1761,
            "rate": 18.305542217315022
        },
        "http_req_duration": {
            "avg": 48.60686091819617,
            "min": 3.507529,
            "med": 9.020176,
            "max": 881.023659,
            "p(90)": 104.52180320000001,
            "p(95)": 226.0333566,
            "thresholds": {
                "p(95)<1500": false
            }
        },
        "http_req_duration{flow:login}": {
            "max": 881.023659,
            "p(90)": 383.626454,
            "p(95)": 553.7273172999996,
            "avg": 165.560135637149,
            "min": 63.269354,
            "med": 102.559387,
            "thresholds": {
                "p(95)<900": false
            }
        },
        "data_received": {
            "count": 8975641,
            "rate": 93301.51916692994
        },
        "http_req_connecting": {
            "p(95)": 0,
            "avg": 0.0035894529798323137,
            "min": 0,
            "med": 0,
            "max": 3.15943,
            "p(90)": 0
        },
        "http_req_sending": {
            "p(90)": 0.0483552,
            "p(95)": 0.062297799999999987,
            "avg": 0.023509223430772715,
            "min": 0.003934,
            "med": 0.015582,
            "max": 3.058094
        },
        "checks": {
            "passes": 4090,
            "fails": 0,
            "thresholds": {
                "rate>0.95": false
            },
            "value": 1
        },
        "http_req_duration{expected_response:true}": {
            "avg": 48.625067244615664,
            "min": 3.507529,
            "med": 9.020553,
            "max": 881.023659,
            "p(90)": 104.528086,
            "p(95)": 226.03596499999998
        }
    },
    "setup_data": {
        "lecturerId": 1351,
        "projectConfigId": "37f2769d-917c-4f10-87e2-8edb58e574d9",
        "semesterId": 15,
        "token": "eyJ0eXAiOiJKV1QiLCJraWQiOiJpZGVudGl0eS1sb2NhbC0xIiwiYWxnIjoiUlMyNTYifQ.eyJqdGkiOiI5OWY1NjJhOC0zYzQyLTQxOWUtYWNjZS0zNjM0NGZlMjE3M2UiLCJpc3MiOiJpZGVudGl0eS1zZXJ2aWNlIiwiYXVkIjpbImFwaS1nYXRld2F5Il0sInN1YiI6IjIiLCJlbWFpbCI6ImFkbWluQHNhbXQubG9jYWwiLCJyb2xlcyI6WyJBRE1JTiJdLCJ0b2tlbl90eXBlIjoiQUNDRVNTIiwiaWF0IjoxNzczNTY3MDk1LCJleHAiOjE3NzM1Njc5OTV9.q2ndvc90Srre8Ilx4_Xked7PitKt7U_FRzGzGdJY7GJSghatc018We_uUbP0Y2L2F0Q0qBlwpLX7KxDhHVBia9UGOSZOglqkKa6B3AnToR2vRjQVnVL1ECBQ_PtGU1sCaILaF4s8eSRvptZfpY4PX108zCYCGJdPx638-De6sNFZv0N4HFvmPS7Q6hWamvdYXEX1GYaahf6Oe2AGW92SdY4o2SvKk_G8odZV_agkAhR6Cc9DmQKsEfiu1JWuOyIFCoZz07W10LqE90RklvGQ7QrwDqpocivqoXZmOSW7qzVMvP1M1KMIe3xy9OYBPHWmmaVEBdUtTQLuE8CZqRLcIw",
        "groupId": 1227
    },
    "root_group": {
        "name": "",
        "path": "",
        "id": "d41d8cd98f00b204e9800998ecf8427e",
        "groups": {
            "setup": {
                "id": "5c0f8025f7e0b6654089e5b00e950f1a",
                "groups": {},
                "checks": {
                        "setup login succeeded": {
                            "id": "b4a2b4eed360da13f2dd967da0640c51",
                            "passes": 1,
                            "fails": 0,
                            "name": "setup login succeeded",
                            "path": "::setup::setup login succeeded"
                        }
                    },
                "name": "setup",
                "path": "::setup"
            },
            "profile-retrieval": {
                "name": "profile-retrieval",
                "path": "::profile-retrieval",
                "id": "0ff05c3035d758df7cf55ae9f79807b2",
                "groups": {},
                "checks": {
                        "profile retrieval is healthy": {
                            "id": "04e4dbc78c6ae6d1c3798b80e2610ffb",
                            "passes": 1031,
                            "fails": 0,
                            "name": "profile retrieval is healthy",
                            "path": "::profile-retrieval::profile retrieval is healthy"
                        },
                        "groups retrieval is healthy": {
                            "id": "c3a4ce9dc7373460e7f880bbd4dd971e",
                            "passes": 1031,
                            "fails": 0,
                            "name": "groups retrieval is healthy",
                            "path": "::profile-retrieval::groups retrieval is healthy"
                        },
                        "semesters retrieval is healthy": {
                            "path": "::profile-retrieval::semesters retrieval is healthy",
                            "id": "35997a082fed415f06ce39b062c36902",
                            "passes": 1031,
                            "fails": 0,
                            "name": "semesters retrieval is healthy"
                        }
                    }
            },