{
  "capturedAt": "2026-03-12T04:47:36.989Z",
  "profile": "smoke",
  "httpReqs": 254,
  "throughputPerSecond": 11.911742783406657,
  "failureRate": 0,
  "p50DurationMs": 19.6365585,
  "p95DurationMs": 368.0775162,
  "p99DurationMs": 928.797459
}
